Frequency (GHz),Group Delay (ps)
2.01,80.31055838
2.041741742,80.40108381
2.111801802,80.1748501
2.181861862,79.98607153
2.251921922,80.28967128
2.321981982,80.18866798
2.392042042,79.75899492
2.462102102,79.50404224
2.532162162,79.43666861
2.602222222,79.4998161
2.672282282,79.32895796
2.742342342,79.11781372
2.812402402,78.81131046
2.882462462,78.55888083
2.952522523,78.576834
3.022582583,78.40005306
3.092642643,78.21398891
3.162702703,77.93432438
3.232762763,77.86219759
3.302822823,77.99377179
3.372882883,77.89623092
3.442942943,77.71778085
3.513003003,77.44834517
3.583063063,77.47974098
3.653123123,77.72632404
3.723183183,77.69502131
3.793243243,77.49972726
3.863303303,77.38822613
3.933363363,77.38784354
4.003423423,77.28368258
4.073483483,77.15214532
4.143543544,77.10149402
4.213603604,76.96803753
4.283663664,76.87679343
4.353723724,76.94839535
4.423783784,76.95238185
4.493843844,76.82859831
4.563903904,76.61913764
4.633963964,76.64725829
4.704024024,76.65489207
4.774084084,76.6215705
4.844144144,76.43715178
4.914204204,76.39212879
4.984264264,76.50576742
5.054324324,76.34061542
5.124384384,76.08323878
5.194444444,75.96770781
5.264504505,75.99490364
5.334564565,75.84156193
5.404624625,75.83802165
5.474684685,75.78822751
5.544744745,75.86323674
5.614804805,75.77378157
5.684864865,75.56857544
5.754924925,75.46763027
5.824984985,75.60922218
5.895045045,75.7774141
5.965105105,75.69128934
6.035165165,75.46641396
6.105225225,75.518561
6.175285285,75.8811791
6.245345345,75.59141251
6.315405405,75.31851667
6.385465465,75.41558574
6.455525526,75.37762125
6.525585586,75.31830395
6.595645646,75.30469279
6.665705706,75.39221764
6.735765766,75.23474053
6.805825826,75.00991889
6.875885886,74.97024137
6.945945946,74.97578928
7.016006006,74.99570698
7.086066066,74.90353711
7.156126126,75.04023188
7.226186186,75.0948949
7.296246246,74.91072972
7.366306306,74.95859777
7.436366366,75.19728736
7.506426426,75.43341719
7.576486486,75.5114835
7.646546547,75.3512631
7.716606607,75.29046597
7.786666667,75.28837849
7.856726727,75.25552401
7.926786787,75.20233928
7.996846847,75.21289632
8.066906907,75.25863327
8.136966967,75.32682138
8.207027027,75.41825049
8.277087087,75.39199399
8.347147147,75.02018744
8.417207207,74.70722961
8.487267267,74.87428964
8.557327327,74.96531739
8.627387387,74.81832275
8.697447447,74.81073047
8.767507508,74.84126798
8.837567568,74.82570029
8.907627628,75.12097001
8.977687688,74.99499992
9.047747748,74.8505446
9.117807808,74.86065571
9.187867868,74.98402274
9.257927928,75.00212123
9.327987988,75.03711973
9.398048048,75.05801036
9.468108108,75.1021724
9.538168168,75.15418037
9.608228228,75.03962932
9.678288288,74.95647036
9.748348348,74.98981064
9.818408408,74.83051998
9.888468468,74.70308159
9.958528529,75.00582485
10.02858859,75.01535016
10.09864865,74.7190904
10.16870871,74.62453862
10.23876877,74.70522385
10.30882883,74.6991127
10.37888889,74.7718988
10.44894895,74.86615468
10.51900901,74.89260037
10.58906907,74.81127453
10.65912913,74.79766949
10.72918919,75.03534158
10.79924925,75.40702286
10.86930931,75.45355632
10.93936937,75.44367417
11.00942943,75.53130545
11.07948949,75.70375268
11.14954955,75.67529361
11.21960961,75.65864461
11.28966967,75.79870909
11.35972973,75.9050082
11.42978979,75.99401472
11.49984985,76.02637852
11.56990991,75.88169204
11.63996997,75.77302128
11.71003003,75.70521872
11.78009009,75.78142245
11.85015015,75.96919481
11.92021021,76.02532733
11.99027027,75.95876356
12.06033033,75.93914308
12.13039039,75.97970071
12.20045045,75.94012843
12.27051051,75.92948067
12.34057057,76.12420485
12.41063063,76.40358661
12.48069069,76.66018113
12.55075075,76.73742099
12.62081081,76.81356096
12.69087087,77.01642411
12.76093093,77.05579141
12.83099099,77.14536022
12.90105105,77.17898578
12.97111111,77.19869056
13.04117117,77.34889423
13.11123123,77.46351529
13.18129129,77.50873941
13.25135135,77.39308521
13.32141141,77.20231933
13.39147147,77.19474715
13.46153153,77.48073056
13.53159159,77.5213499
13.60165165,77.58996167
13.67171171,77.75318588
13.74177177,77.85219781
13.81183183,77.9060708
13.88189189,77.84876172
13.95195195,77.55692068
14.02201201,77.95145223
14.09207207,78.44401722
14.16213213,78.22177766
14.23219219,78.22906095
14.30225225,78.67376194
14.37231231,78.82185386
14.44237237,78.78899294
14.51243243,78.75289428
14.58249249,78.81667095
14.65255255,79.02490755
14.72261261,78.93069937
14.79267267,78.73977275
14.86273273,78.80487398
14.93279279,78.94048876
15.00285285,79.15680514
15.07291291,79.25711656
15.14297297,79.4474658
15.21303303,79.74919597
15.28309309,79.79299227
15.35315315,79.790384
15.42321321,79.47559141
15.49327327,79.38481654
15.56333333,79.48945516
15.63339339,79.48473527
15.70345345,79.67723331
15.77351351,79.88078649
15.84357357,79.92509651
15.91363363,80.01733304
15.98369369,80.18262926
16.05375375,80.31861763
16.12381381,80.31346217
16.19387387,80.30946084
16.26393393,80.54315563
16.33399399,80.62493736
16.40405405,80.57721108
16.47411411,80.48713876
16.54417417,80.48705374
16.61423423,80.65063075
16.68429429,80.61709571
16.75435435,80.53201664
16.82441441,80.47157949
16.89447447,80.5038466
16.96453453,80.69413069
17.03459459,80.64114064
17.10465465,80.65845419
17.17471471,81.06173271
17.24477477,81.45405267
17.31483483,81.68380631
17.38489489,81.68471194
17.45495495,81.36212948
17.52501502,81.35066297
17.59507508,81.32840313
17.66513514,81.20559933
17.7351952,81.19228481
17.80525526,81.21641862
17.87531532,81.38987878
17.94537538,81.61697631
18.01543544,81.59251211
18.0854955,81.68046403
18.15555556,82.08042796
18.22561562,82.07294794
18.29567568,82.11122949
18.36573574,82.35444556
18.4357958,82.60793595
18.50585586,82.66669566
18.57591592,82.52488223
18.64597598,82.25081583
18.71603604,82.20780778
18.7860961,82.37987519
18.85615616,82.41447651
18.92621622,82.39864451
18.99627628,82.23328177
19.06633634,82.13974268
19.1363964,82.40664014
19.20645646,82.3575134
19.27651652,82.2816732
19.34657658,82.40585586
19.41663664,82.58206006
19.4866967,82.4736921
19.55675676,82.3466954
19.62681682,82.47094069
19.69687688,82.50401348
19.76693694,82.83118181
19.836997,83.0607465
19.90705706,83.18910291
19.97711712,83.44388498
20.04717718,83.55150716
20.11723724,83.37040348
20.1872973,83.28160571
20.25735736,83.12018138
20.32741742,82.91730144
20.39747748,83.031483
20.46753754,83.07015825
20.5375976,83.25254539
20.60765766,83.43319002
20.67771772,83.5341985
20.74777778,83.59025738
20.81783784,83.81021986
20.8878979,83.77297591
20.95795796,83.38973068
21.02801802,83.20623622
21.09807808,83.45714226
21.16813814,83.72969295
21.2381982,83.75114458
21.30825826,83.75082233
21.37831832,83.71344704
21.44837838,83.62846664
21.51843844,83.42616883
21.5884985,83.23079617
21.65855856,83.02686134
21.72861862,82.92779586
21.79867868,83.59571026
21.86873874,84.10873428
21.9387988,84.34850938
22.00885886,84.27647587
22.07891892,84.26802365
22.14897898,83.9594254
22.21903904,83.29903927
22.2890991,83.36592951
22.35915916,83.53524128
22.42921922,83.23160522
22.49927928,82.80289371
22.56933934,83.16788365
22.6393994,84.12719726
22.70945946,84.23896421
22.77951952,83.89274886
22.84957958,83.71074069
22.91963964,83.68566035
22.9896997,83.90867802
23.05975976,84.40380033
23.12981982,83.69938802
23.19987988,82.48338812
23.26993994,82.67105719
23.34,82.94342427
23.41006006,83.17637453
23.48012012,83.10846161
23.55018018,82.8961008
23.62024024,83.57353524
23.6903003,83.59674129
23.76036036,83.18421913
23.83042042,83.0593696
23.90048048,82.81677888
23.97054054,82.64738513
24.0406006,82.24463639
24.11066066,82.35780129
24.18072072,82.76582641
24.25078078,82.80166747
24.32084084,82.63127157
24.3909009,82.62517207
24.46096096,82.98777803
24.53102102,82.58597727
24.60108108,82.20072169
24.67114114,82.12533831
24.7412012,81.72489261
24.81126126,81.52542478
24.88132132,81.65003294
24.95138138,82.05209385
25.02144144,82.15810476
25.0915015,82.00853611
25.16156156,81.51052786
25.23162162,81.07230194
25.30168168,81.07546056
25.37174174,81.11638554
25.4418018,81.04949745
25.51186186,81.09282521
25.58192192,81.28706721
25.65198198,81.78181222
25.72204204,81.99721689
25.7921021,81.21481983
25.86216216,80.68765322
25.93222222,81.06526214
26.00228228,81.00518883
26.07234234,80.51065005
26.1424024,80.34590551
26.21246246,81.00223589
26.28252252,80.86855055
26.35258258,80.50259566
26.42264264,80.76273201
26.4927027,81.26875929
26.56276276,80.8903786
26.63282282,79.91100543
26.70288288,80.36454606
26.77294294,80.74148658
26.843003,80.68750596
26.91306306,80.96302918
26.98312312,80.73807266
27.05318318,80.38231883
27.12324324,80.4164163
27.1933033,81.22958032
27.26336336,81.47823944
27.33342342,80.61621133
27.40348348,80.04849247
27.47354354,80.01921308
27.5436036,80.43385592
27.61366366,79.12936165
27.68372372,78.49432851
27.75378378,79.23812765
27.82384384,78.53624592
27.8939039,78.42806071
27.96396396,78.80381915
28.03402402,79.38969569
28.10408408,79.80866659
28.17414414,79.36906872
28.2442042,79.12377013
28.31426426,79.9555156
28.38432432,80.53826939
28.45438438,79.9110816
28.52444444,79.94933264
28.5945045,80.04960787
28.66456456,80.08687395
28.73462462,80.21671809
28.80468468,79.64601384
28.87474474,79.46552121
28.9448048,79.4660965
29.01486486,79.43485844
29.08492492,79.49193059
29.15498498,79.42384873
29.22504505,79.25351873
29.29510511,78.78167551
29.36516517,78.93697001
29.43522523,79.35761869
29.50528529,79.97550948
29.57534535,80.1225446
29.64540541,79.90539852
29.71546547,80.07340501
29.78552553,80.04339717
29.85558559,80.11605299
29.92564565,80.23190262
29.99570571,80.44412464
30.06576577,80.49357094
30.13582583,80.24870963
30.20588589,80.51730592
30.27594595,80.0303921
30.34600601,79.98081178
30.41606607,80.29072061
30.48612613,80.37839348
30.55618619,80.75869652
30.62624625,81.53595279
30.69630631,80.49275957
30.76636637,80.76770527
30.83642643,82.06317533
30.90648649,81.63921768
30.97654655,81.56354557
31.04660661,81.37404179
31.11666667,81.29881663
31.18672673,81.50427644
31.25678679,80.46761126
31.32684685,80.90760512
31.39690691,81.57735685
31.46696697,81.42555337
31.53702703,81.86107578
31.60708709,82.03596253
31.67714715,81.95552803
31.74720721,81.12540455
31.81726727,81.13799294
31.88732733,81.51745036
31.95738739,81.8674722
32.02744745,82.08500659
32.09750751,80.97483384
32.16756757,80.87389313
32.23762763,81.7632763
32.30768769,81.23654282
32.37774775,80.78938316
32.44780781,81.60585387
32.51786787,81.40494203
32.58792793,81.52635763
32.65798799,82.41329373
32.72804805,81.83283294
32.79810811,81.78940834
32.86816817,81.96946511
32.93822823,82.5115705
33.00828829,82.65576153
33.07834835,82.14800856
33.14840841,81.94806978
33.21846847,82.53492696
33.28852853,82.84153779
33.35858859,82.12716583
33.42864865,81.92522723
33.49870871,81.72093501
33.56876877,80.90131116
33.63882883,82.00071616
33.70888889,82.13856037
33.77894895,82.04960853
33.84900901,82.47150492
33.91906907,81.46149122
33.98912913,80.47595716
34.05918919,81.21927265
34.12924925,81.26571602
34.19930931,80.49071005
34.26936937,80.97591257
34.33942943,80.78331986
34.40948949,79.94888324
34.47954955,79.61522443
34.54960961,79.23831848
34.61966967,79.36145024
34.68972973,79.88023814
34.75978979,79.66745744
34.82984985,78.22166952
34.89990991,78.70000888
34.96996997,78.82387316
35.04003003,78.14872855
35.11009009,78.76690038
35.18015015,79.0091002
35.25021021,79.83545285
35.32027027,79.97828928
35.39033033,79.15728378
35.46039039,79.51612491
35.53045045,79.35777965
35.60051051,79.71232541
35.67057057,80.68076104
35.74063063,80.57002359
35.81069069,80.73885094
35.88075075,81.30777458
35.95081081,81.54441888
36.02087087,81.14966095
36.09093093,81.96762075
36.16099099,82.81685488
36.23105105,81.72903287
36.30111111,81.86198293
36.37117117,82.09073001
36.44123123,81.17473594
36.51129129,80.9406168
36.58135135,81.23096203
36.65141141,81.05583588
36.72147147,81.95315606
36.79153153,82.6467974
36.86159159,82.27656045
36.93165165,81.83178031
37.00171171,81.52563565
37.07177177,82.04086048
37.14183183,81.8232207
37.21189189,81.17626983
37.28195195,81.85826851
37.35201201,82.51187856
37.42207207,82.01351862
37.49213213,81.91001639
37.56219219,83.20049718
37.63225225,82.12857582
37.70231231,80.60384583
37.77237237,81.22990385
37.84243243,80.47983798
37.91249249,81.40965169
37.98255255,83.70397634
38.05261261,83.10840567
38.12267267,82.53194619
38.19273273,84.19930508
38.26279279,84.60335904
38.33285285,84.88250832
38.40291291,85.02360992
38.47297297,84.83716687
38.54303303,84.65144192
38.61309309,83.20261676
38.68315315,82.18563898
38.75321321,83.06814661
38.82327327,83.75818962
38.89333333,82.88206208
38.96339339,82.18954547
39.03345345,82.77721158
39.10351351,82.14800757
39.17357357,82.13037814
39.24363363,82.60023068
39.31369369,82.13884564
39.38375375,82.29453751
39.45381381,81.71323618
39.52387387,81.78293886
39.59393393,82.42551602
39.66399399,82.14460028
39.73405405,82.13869353
39.80411411,82.0970821
39.87417417,81.46209133
39.94423423,80.50731687
40.01429429,80.30501243
40.08435435,80.59939164
40.15441441,79.74821227
40.22447447,80.2052194
40.29453453,81.0758732
40.36459459,80.04362588
40.43465465,79.76522654
40.50471471,80.59567219
40.57477477,80.94293992
40.64483483,80.28146307
40.71489489,79.59472174
40.78495495,79.38016689
40.85501502,79.27243804
40.92507508,78.371199
40.99513514,78.4093466
41.0651952,79.07085598
41.13525526,79.41131142
41.20531532,79.75390616
41.27537538,78.64291351
41.34543544,78.1042768
41.4154955,79.0238458
41.48555556,79.14516874
41.55561562,78.44576054
41.62567568,78.70228386
41.69573574,78.75811611
41.7657958,78.21821052
41.83585586,79.53251001
41.90591592,78.88596276
41.97597598,76.65598279
42.04603604,77.34777757
42.1160961,78.65585325
42.18615616,76.88557253
42.25621622,76.74697375
42.32627628,77.89974383
42.39633634,78.34574556
42.4663964,78.37403541
42.53645646,77.98770318
42.60651652,79.6133864
42.67657658,80.4216574
42.74663664,79.02768003
42.8166967,79.32283459
42.88675676,80.92119241
42.95681682,80.19289347
43.02687688,79.62677355
43.09693694,81.08140668
43.166997,81.79229253
43.23705706,82.10335465
43.30711712,81.92054652
43.37717718,81.7949497
43.44723724,81.26435779
43.5172973,80.66827025
43.58735736,80.7331009
43.65741742,79.64316696
43.72747748,78.86901941
43.79753754,79.4631645
43.8675976,79.73398297
43.93765766,78.61446736
44.00771772,78.60579319
44.07777778,79.5023503
44.14783784,79.7119865
44.2178979,78.7643421
44.28795796,78.59720761
44.35801802,79.56535843
44.42807808,80.35067611
44.49813814,79.72603631
44.5681982,79.54234936
44.63825826,79.37973164
44.70831832,78.99129296
44.77837838,79.13869675
44.84843844,80.24968034
44.9184985,82.30128595
44.98855856,82.82099356
45.05861862,82.13342257
45.12867868,82.42602379
45.19873874,82.40549117
45.2687988,82.82235527
45.33885886,83.45862676
45.40891892,83.16436623
45.47897898,83.41985253
45.54903904,83.97104592
45.6190991,82.09526126
45.68915916,82.10703177
45.75921922,82.55959352
45.82927928,82.0208422
45.89933934,83.19895024
45.9693994,83.41164906
46.03945946,82.66464587
46.10951952,82.7928084
46.17957958,84.05184555
46.24963964,83.29986532
46.3196997,81.20585768
46.38975976,80.10575347
46.45981982,80.58684569
46.52987988,82.18965336
46.59993994,81.89231261
46.67,81.21445305
46.74006006,82.24393154
46.81012012,81.28877636
46.88018018,79.8373233
46.95024024,82.53119455
47.0203003,83.05033592
47.09036036,81.1445909
47.16042042,80.97130811
47.23048048,79.85923254
47.30054054,79.81875781
47.3706006,80.58150143
47.44066066,81.49691185
47.51072072,81.23666312
47.58078078,80.20940998
47.65084084,82.07248454
47.7209009,83.74398689
47.79096096,82.08476319
47.86102102,80.88945158
47.93108108,82.45436979
48.00114114,82.26736554
48.0712012,79.75779077
48.14126126,79.23612625
48.21132132,80.52537409
48.28138138,79.55562394
48.35144144,77.65526151
48.4215015,78.56106971
48.49156156,79.11153323
48.56162162,77.9477739
48.63168168,77.78825753
48.70174174,79.56467937
48.7718018,80.04815361
48.84186186,78.72402379
48.91192192,77.7149852
48.98198198,77.15556885
49.05204204,76.91031131
49.1221021,76.94140225
49.19216216,77.04777826
49.26222222,77.10522015
49.33228228,76.55208638
49.40234234,76.3579616
49.4724024,76.60526821
49.54246246,76.43205009
49.61252252,76.83153786
49.68258258,77.56392599
49.75264264,77.94163674
49.8227027,77.54252506
49.89276276,75.98586734
49.96282282,76.70209032
50.03288288,76.92889506
50.10294294,75.35075043
50.173003,75.23052375
50.24306306,75.89686036
50.31312312,76.26905867
50.38318318,76.50859369
50.45324324,76.52468707
50.5233033,76.56743166
50.59336336,75.87284856
50.66342342,74.70674667
50.73348348,75.170975
50.80354354,75.68494705
50.8736036,76.28283723
50.94366366,74.31355828
51.01372372,74.53674482
51.08378378,75.75930714
51.15384384,74.29407287
51.2239039,73.84819616
51.29396396,75.76088225
51.36402402,76.62500395
51.43408408,74.83942827
51.50414414,75.10667064
51.5742042,76.96217578
51.64426426,74.38770649
51.71432432,73.20878315
51.78438438,76.17156107
51.85444444,77.42892704
51.9245045,75.72196371
51.99456456,76.31351484
52.06462462,77.67023752
52.13468468,76.37333269
52.20474474,74.70508047
52.2748048,77.04348805
52.34486486,79.25424913
52.41492492,76.35115649
52.48498498,73.28512251
52.55504505,76.51571792
52.62510511,77.80560823
52.69516517,75.04145771
52.76522523,74.64659172
52.83528529,75.29273587
52.90534535,75.60835881
52.97540541,72.96865205
53,71.55323308
53.04546547,71.85745796
53.11552553,73.14196098
53.18558559,72.5993369
53.25564565,72.27541805
53.32570571,75.17581512
53.39576577,74.7160402
53.46582583,70.89299172
53.53588589,71.00085715
53.60594595,75.51786299
53.67600601,77.31070755
53.74606607,74.4139751
53.81612613,75.54996696
53.88618619,78.95038692
53.95624625,76.64782292
54.02630631,75.75620077
54.09636637,77.91567748
54.16642643,77.8325433
54.23648649,77.80461489
54.30654655,77.95107263
54.37660661,78.49156227
54.44666667,78.14923632
54.51672673,76.39473954
54.58678679,77.21810829
54.65684685,78.96659568
54.72690691,78.25935499
54.79696697,76.38438261
54.86702703,76.94227035
54.93708709,78.02915158
55.00714715,76.24785089
55.07720721,75.25401587
55.14726727,77.76754817
55.21732733,78.13842596
55.28738739,75.807278
55.35744745,76.05764123
55.42750751,79.4252515
55.49756757,81.03415026
55.56762763,79.01340519
55.63768769,80.48980091
55.70774775,82.75609327
55.77780781,79.84315744
55.84786787,78.84059614
55.91792793,81.37996118
55.98798799,81.79592773
56.05804805,80.95396512
56.12810811,83.02427699
56.19816817,85.55150594
56.26822823,83.06814139
56.33828829,79.63615643
56.40834835,82.20595444
56.47840841,85.9128393
56.54846847,83.94982837
56.61852853,81.40159979
56.68858859,82.99436433
56.75864865,83.50659795
56.82870871,81.78986323
56.89876877,80.96823718
56.96882883,83.25529045
57.03888889,84.71740422
57.10894895,83.34440714
57.17900901,83.1943421
57.24906907,84.17458552
57.31912913,82.58230783
57.38918919,83.10624334
57.45924925,86.69328777
57.52930931,85.4158339
57.59936937,81.46006239
57.66942943,81.09089309
57.73948949,83.1021099
57.80954955,83.68360301
57.87960961,79.82368021
57.94966967,81.54748517
58.01972973,83.52682668
58.08978979,80.92906854
58.15984985,80.73085341
58.22990991,80.93381316
58.29996997,81.43340712
58.37003003,81.66012373
58.44009009,81.37132969
58.51015015,82.40551364
58.58021021,82.39788801
58.65027027,82.87140073
58.72033033,83.5563912
58.79039039,83.50432816
58.86045045,82.35111423
58.93051051,84.3231684
59.00057057,87.49246734
59.07063063,86.14984027
59.14069069,84.62256727
59.21075075,84.08749998
59.28081081,84.58760482
59.35087087,84.49768676
59.42093093,83.31461597
59.49099099,83.12243193
59.56105105,82.80381717
59.63111111,82.51035485
59.70117117,82.4821536
59.77123123,84.22141136
59.84129129,84.79347779
59.91135135,85.35583897
59.98141141,86.38165609
60.05147147,86.16557202
60.12153153,84.88648033
60.19159159,85.55213299
60.26165165,88.31256098
60.33171171,91.66975813
60.40177177,90.79718394
60.47183183,87.75827421
60.54189189,89.43964792
60.61195195,90.69883858
60.68201201,90.69254712
60.75207207,92.46028771
60.82213213,92.68222998
60.89219219,91.79224766
60.96225225,91.1279947
61.03231231,90.8378387
61.10237237,91.39198071
61.17243243,91.56314578
61.24249249,91.22894633
61.31255255,90.03801485
61.38261261,88.51690475
61.45267267,87.0297303
61.52273273,88.3678982
61.59279279,89.75820555
61.66285285,86.40400687
61.73291291,84.92621873
61.80297297,85.54305385
61.87303303,84.29146039
61.94309309,83.05947519
62.01315315,83.47330408
62.08321321,85.11174533
62.15327327,83.39613134
62.22333333,82.00468054
62.29339339,84.13255217
62.36345345,85.17747938
62.43351351,81.42514112
62.50357357,83.39686535
62.57363363,86.30603198
62.64369369,83.47619933
62.71375375,82.99371773
62.78381381,86.51378582
62.85387387,88.41040596
62.92393393,85.68763994
62.99399399,83.3973581
63.06405405,87.08689476
63.13411411,87.73355068
63.20417417,85.13981646
63.27423423,86.40360615
63.34429429,87.46990265
63.41435435,81.03193306
63.48441441,80.20704889
63.55447447,84.95911464
63.62453453,84.04810285
63.69459459,79.45813018
63.76465465,77.91423998
63.83471471,79.90573237
63.90477477,76.96420199
63.97483483,72.00697898
64.04489489,76.44887441
64.11495495,78.68865961
64.18501502,72.34017422
64.25507508,69.16867657
64.32513514,70.34672817
64.3951952,71.35205661
64.46525526,71.81826578
64.53531532,69.44257677
64.60537538,69.24930795
64.67543544,70.99006623
64.7454955,68.33219627
64.81555556,67.58057972
64.88561562,68.86717029
64.95567568,67.96716932
65.02573574,67.99235422
65.0957958,69.67974405
65.16585586,68.73207934
65.23591592,70.5352027
65.30597598,74.6061895
65.37603604,75.62176262
65.4460961,75.14850471
65.51615616,76.08279622
65.58621622,75.9593155
65.65627628,76.96100754
65.72633634,78.42752871
65.7963964,75.83625574
65.86645646,77.75084722
65.93651652,80.5221497
66.00657658,80.42706886
66.07663664,80.48732212
66.1466967,82.1861505
66.21675676,80.61403525
66.28681682,75.85659548
66.35687688,75.63754801
66.42693694,79.49011245
66.496997,77.66651236
66.56705706,75.12859825
66.63711712,75.51834459
66.70717718,72.48068547
66.77723724,70.63358731
66.8472973,70.56185509
66.91735736,68.0776976
66.98741742,64.19780716
67.05747748,62.42219866
67.12753754,63.50439389
67.1975976,66.198801
67.26765766,64.84297969
67.33771772,63.25929408
67.40777778,67.33476257
67.47783784,68.81785736
67.5478979,64.07204038
67.61795796,68.1297167
67.68801802,69.4366827
67.75807808,64.84137177
67.82813814,66.40519433
67.8981982,67.46381093
67.96825826,101.4628826
68,130.0011923