UI,Log(BER)
-0.101360718,-1.860636656
-0.093160718,-2.015631594
-0.084960718,-2.191743069
-0.076760718,-2.393118361
-0.068560718,-2.624291066
-0.060360718,-2.884152336
-0.052160718,-3.176312837
-0.043960718,-3.486810117
-0.035760718,-3.864873154
-0.027560718,-4.21420783
-0.019360718,-4.569595488
-0.011160718,-4.967535496
0.018839282,-4.967535496
0.026139282,-4.466933146
0.033339282,-4.177485023
0.040639282,-3.922865101
0.047839282,-3.670139785
0.055139282,-3.412239472
0.062339282,-3.188179545
0.069639282,-2.97594028
0.076839282,-2.780485046
0.084139282,-2.601891543
0.091339282,-2.430241228
0.098639282,-2.276896485
